id,image_path,ocr_avg_confidence,ocr_time_sec,extraction_method,vendor_name,date,total,line_items_json,is_valid,validation_issues,validation_pass_rate,processed_at,line_item_count,validation_issue_count
1,data\images\receipt_000.png,0.5616463374191822,2.656879425048828,rule_based,-TICKET Cp,,,[],0,"[""Missing or non-positive total."", ""Date missing, unparseable, or in the future: None"", ""No line items extracted (informational, not a hard failure).""]",0.5,2026-07-29 13:55:23,0,3
2,data\images\receipt_001.png,0.4045703686321003,7.7318174839019775,rule_based,J.STE,,,[],0,"[""Missing or non-positive total."", ""Date missing, unparseable, or in the future: None"", ""No line items extracted (informational, not a hard failure).""]",0.5,2026-07-29 13:55:31,0,3
3,data\images\receipt_002.png,0.48993459040937193,7.208157300949097,rule_based,"""S*IF MT",,,[],0,"[""Missing or non-positive total."", ""Date missing, unparseable, or in the future: None"", ""No line items extracted (informational, not a hard failure).""]",0.5,2026-07-29 13:55:38,0,3
4,data\images\receipt_003.png,0.7502517811611314,7.770791292190552,rule_based,D,,,[],0,"[""Missing or non-positive total."", ""Date missing, unparseable, or in the future: None"", ""Vendor name missing or implausible."", ""No line items extracted (informational, not a hard failure).""]",0.25,2026-07-29 13:55:46,0,4
5,data\images\receipt_004.png,0.35838269969989156,8.863873958587646,rule_based,Jcd,,,[],0,"[""Missing or non-positive total."", ""Date missing, unparseable, or in the future: None"", ""No line items extracted (informational, not a hard failure).""]",0.5,2026-07-29 13:55:55,0,3
6,data\images\receipt_005.png,0.7969772671882567,23.421598196029663,rule_based,TRAD Ky TOAST CARTE,,,[],0,"[""Missing or non-positive total."", ""Date missing, unparseable, or in the future: None"", ""No line items extracted (informational, not a hard failure).""]",0.5,2026-07-29 13:56:18,0,3
7,data\images\receipt_006.png,0.5421959951857438,7.636516809463501,rule_based,Aell,,,[],0,"[""Missing or non-positive total."", ""Date missing, unparseable, or in the future: None"", ""No line items extracted (informational, not a hard failure).""]",0.5,2026-07-29 13:56:26,0,3
8,data\images\receipt_007.png,0.43053033963748166,3.6753945350646973,rule_based,Kupor,,,[],0,"[""Missing or non-positive total."", ""Date missing, unparseable, or in the future: None"", ""No line items extracted (informational, not a hard failure).""]",0.5,2026-07-29 13:56:30,0,3
9,data\images\receipt_008.png,0.8987936165106066,7.603753566741943,rule_based,"45,455",,,[],0,"[""Missing or non-positive total."", ""Date missing, unparseable, or in the future: None"", ""Vendor name missing or implausible."", ""No line items extracted (informational, not a hard failure).""]",0.25,2026-07-29 13:56:37,0,4
10,data\images\receipt_009.png,0.8409228213471588,3.482942819595337,rule_based,Burnbu Kaldu Ayam,,,[],0,"[""Missing or non-positive total."", ""Date missing, unparseable, or in the future: None"", ""No line items extracted (informational, not a hard failure).""]",0.5,2026-07-29 13:56:41,0,3
11,data\images\receipt_010.png,0.9210027321287196,3.629220962524414,rule_based,CINNAMON SUGAR,,,[],0,"[""Missing or non-positive total."", ""Date missing, unparseable, or in the future: None"", ""No line items extracted (informational, not a hard failure).""]",0.5,2026-07-29 13:56:44,0,3
12,data\images\receipt_011.png,0.6454399527110694,3.2997562885284424,rule_based,~,,,[],0,"[""Missing or non-positive total."", ""Date missing, unparseable, or in the future: None"", ""Vendor name missing or implausible."", ""No line items extracted (informational, not a hard failure).""]",0.25,2026-07-29 13:56:48,0,4
13,data\images\receipt_012.png,0.3926410735235977,4.010812044143677,rule_based,0571-1854 BLUS,,,[],0,"[""Missing or non-positive total."", ""Date missing, unparseable, or in the future: None"", ""No line items extracted (informational, not a hard failure).""]",0.5,2026-07-29 13:56:52,0,3
14,data\images\receipt_013.png,0.5380583203731739,8.306659936904907,rule_based,1,,,[],0,"[""Missing or non-positive total."", ""Date missing, unparseable, or in the future: None"", ""Vendor name missing or implausible."", ""No line items extracted (informational, not a hard failure).""]",0.25,2026-07-29 13:57:00,0,4
15,data\images\receipt_014.png,0.6348181623700532,23.217599153518677,rule_based,1 RedVelvel,,,[],0,"[""Missing or non-positive total."", ""Date missing, unparseable, or in the future: None"", ""No line items extracted (informational, not a hard failure).""]",0.5,2026-07-29 13:57:23,0,3
16,data\images\receipt_015.png,0.7158483305919413,3.3911080360412598,rule_based,3,,,[],0,"[""Missing or non-positive total."", ""Date missing, unparseable, or in the future: None"", ""Vendor name missing or implausible."", ""No line items extracted (informational, not a hard failure).""]",0.25,2026-07-29 13:57:27,0,4
17,data\images\receipt_016.png,0.8523238861436899,7.514553546905518,rule_based,[LG] BLACK SAKURA,,,[],0,"[""Missing or non-positive total."", ""Date missing, unparseable, or in the future: None"", ""No line items extracted (informational, not a hard failure).""]",0.5,2026-07-29 13:57:34,0,3
18,data\images\receipt_017.png,0.6754168003752846,8.094481945037842,rule_based,4,,,[],0,"[""Missing or non-positive total."", ""Date missing, unparseable, or in the future: None"", ""Vendor name missing or implausible."", ""No line items extracted (informational, not a hard failure).""]",0.25,2026-07-29 13:57:42,0,4
19,data\images\receipt_018.png,0.825713841335424,3.2846105098724365,rule_based,Propolis Cair,,,[],0,"[""Missing or non-positive total."", ""Date missing, unparseable, or in the future: None"", ""No line items extracted (informational, not a hard failure).""]",0.5,2026-07-29 13:57:45,0,3
20,data\images\receipt_019.png,0.16911942484636952,3.6762301921844482,rule_based,~oL30 WBL ChS,,,[],0,"[""Missing or non-positive total."", ""Date missing, unparseable, or in the future: None"", ""No line items extracted (informational, not a hard failure).""]",0.5,2026-07-29 13:57:49,0,3
21,data\images\receipt_020.png,0.7338850833057219,7.859160900115967,rule_based,S0Q,,17.9,[],0,"[""Date missing, unparseable, or in the future: None"", ""Vendor name missing or implausible."", ""No line items extracted (informational, not a hard failure).""]",0.5,2026-07-29 13:57:57,0,3
22,data\images\receipt_021.png,0.5561317957289262,8.939135313034058,rule_based,35. 000,,,[],0,"[""Missing or non-positive total."", ""Date missing, unparseable, or in the future: None"", ""Vendor name missing or implausible."", ""No line items extracted (informational, not a hard failure).""]",0.25,2026-07-29 13:58:06,0,4
23,data\images\receipt_022.png,0.6902880214814379,8.276736736297607,rule_based,2 [MDi  SOFT  STEAMED CHEESEC,,,[],0,"[""Missing or non-positive total."", ""Date missing, unparseable, or in the future: None"", ""No line items extracted (informational, not a hard failure).""]",0.5,2026-07-29 13:58:14,0,3
24,data\images\receipt_023.png,0.8299872228429072,7.1952924728393555,rule_based,"54,000",,,[],0,"[""Missing or non-positive total."", ""Date missing, unparseable, or in the future: None"", ""Vendor name missing or implausible."", ""No line items extracted (informational, not a hard failure).""]",0.25,2026-07-29 13:58:21,0,4
25,data\images\receipt_024.png,0.5642004732298529,3.9497294425964355,rule_based,S0oi-Corn Flakes Codkies,,,[],0,"[""Missing or non-positive total."", ""Date missing, unparseable, or in the future: None"", ""No line items extracted (informational, not a hard failure).""]",0.5,2026-07-29 13:58:25,0,3
26,data\images\receipt_025.png,0.8194041748750297,7.27568793296814,rule_based,TWIST   STRAWBERRY  DONUT,,,[],0,"[""Missing or non-positive total."", ""Date missing, unparseable, or in the future: None"", ""No line items extracted (informational, not a hard failure).""]",0.5,2026-07-29 13:58:33,0,3
27,data\images\receipt_026.png,0.673649737114152,6.824984788894653,rule_based,Cap,,,[],0,"[""Missing or non-positive total."", ""Date missing, unparseable, or in the future: None"", ""No line items extracted (informational, not a hard failure).""]",0.5,2026-07-29 13:58:40,0,3
28,data\images\receipt_027.png,0.6353122209163649,7.422702074050903,rule_based,Fo,,,[],0,"[""Missing or non-positive total."", ""Date missing, unparseable, or in the future: None"", ""No line items extracted (informational, not a hard failure).""]",0.5,2026-07-29 13:58:47,0,3
29,data\images\receipt_028.png,0.8877131182472163,12.856338739395142,rule_based,"194,000",,,[],0,"[""Missing or non-positive total."", ""Date missing, unparseable, or in the future: None"", ""Vendor name missing or implausible."", ""No line items extracted (informational, not a hard failure).""]",0.25,2026-07-29 13:59:00,0,4
30,data\images\receipt_029.png,0.8574452883293898,8.435186624526978,rule_based,COLD OCHA,,,[],0,"[""Missing or non-positive total."", ""Date missing, unparseable, or in the future: None"", ""No line items extracted (informational, not a hard failure).""]",0.5,2026-07-29 13:59:08,0,3
31,data\images\receipt_030.png,0.8094157134469976,7.326244115829468,rule_based,"28,636",,,[],0,"[""Missing or non-positive total."", ""Date missing, unparseable, or in the future: None"", ""Vendor name missing or implausible."", ""No line items extracted (informational, not a hard failure).""]",0.25,2026-07-29 13:59:16,0,4
32,data\images\receipt_031.png,0.6982019210663153,22.678003311157227,rule_based,"85 , 500",,,[],0,"[""Missing or non-positive total."", ""Date missing, unparseable, or in the future: None"", ""Vendor name missing or implausible."", ""No line items extracted (informational, not a hard failure).""]",0.25,2026-07-29 13:59:38,0,4
33,data\images\receipt_032.png,0.6404504645202974,22.54450511932373,rule_based,Ra1,,,[],0,"[""Missing or non-positive total."", ""Date missing, unparseable, or in the future: None"", ""No line items extracted (informational, not a hard failure).""]",0.5,2026-07-29 14:00:01,0,3
34,data\images\receipt_033.png,0.7213005399793416,3.9637062549591064,rule_based,GRILLED BABY POTATO (R,,,[],0,"[""Missing or non-positive total."", ""Date missing, unparseable, or in the future: None"", ""No line items extracted (informational, not a hard failure).""]",0.5,2026-07-29 14:00:05,0,3
35,data\images\receipt_034.png,0.2880116784398386,2.2126455307006836,rule_based,Vatah,,,[],0,"[""Missing or non-positive total."", ""Date missing, unparseable, or in the future: None"", ""No line items extracted (informational, not a hard failure).""]",0.5,2026-07-29 14:00:07,0,3
36,data\images\receipt_035.png,0.7639198928929846,7.602581262588501,rule_based,"18 ,000",,,[],0,"[""Missing or non-positive total."", ""Date missing, unparseable, or in the future: None"", ""Vendor name missing or implausible."", ""No line items extracted (informational, not a hard failure).""]",0.25,2026-07-29 14:00:15,0,4
37,data\images\receipt_036.png,0.4221171007716435,24.60020351409912,rule_based,ee*krer#abrrblamluidluareraiwrrrb0rbwem00w880e4b8008800,,,[],0,"[""Missing or non-positive total."", ""Date missing, unparseable, or in the future: None"", ""No line items extracted (informational, not a hard failure).""]",0.5,2026-07-29 14:00:39,0,3
38,data\images\receipt_037.png,0.6911882253706563,3.3143911361694336,rule_based,Popcorn Salt (S),,,[],0,"[""Missing or non-positive total."", ""Date missing, unparseable, or in the future: None"", ""No line items extracted (informational, not a hard failure).""]",0.5,2026-07-29 14:00:43,0,3
39,data\images\receipt_038.png,0.7226260761041592,23.17661476135254,rule_based,Org,,,[],0,"[""Missing or non-positive total."", ""Date missing, unparseable, or in the future: None"", ""No line items extracted (informational, not a hard failure).""]",0.5,2026-07-29 14:01:06,0,3
40,data\images\receipt_039.png,0.05010658828165569,9.305262804031372,rule_based,APL7DPLu: .,,,[],0,"[""Missing or non-positive total."", ""Date missing, unparseable, or in the future: None"", ""No line items extracted (informational, not a hard failure).""]",0.5,2026-07-29 14:01:15,0,3
41,data\images\receipt_040.png,0.15292543306916673,3.346046209335327,rule_based,X3WgAll,,,[],0,"[""Missing or non-positive total."", ""Date missing, unparseable, or in the future: None"", ""No line items extracted (informational, not a hard failure).""]",0.5,2026-07-29 14:01:18,0,3
42,data\images\receipt_041.png,0.6687605349998074,5.964365482330322,rule_based,"47619,00",,,[],0,"[""Missing or non-positive total."", ""Date missing, unparseable, or in the future: None"", ""Vendor name missing or implausible."", ""No line items extracted (informational, not a hard failure).""]",0.25,2026-07-29 14:01:24,0,4
43,data\images\receipt_042.png,0.3509215777015046,21.79919695854187,rule_based,15 .666,,,[],0,"[""Missing or non-positive total."", ""Date missing, unparseable, or in the future: None"", ""Vendor name missing or implausible."", ""No line items extracted (informational, not a hard failure).""]",0.25,2026-07-29 14:01:46,0,4
44,data\images\receipt_043.png,0.41881337451717043,22.619895935058594,rule_based,R,,,[],0,"[""Missing or non-positive total."", ""Date missing, unparseable, or in the future: None"", ""Vendor name missing or implausible."", ""No line items extracted (informational, not a hard failure).""]",0.25,2026-07-29 14:02:09,0,4
45,data\images\receipt_044.png,0.6223253813921975,7.101970195770264,rule_based,4,,,[],0,"[""Missing or non-positive total."", ""Date missing, unparseable, or in the future: None"", ""Vendor name missing or implausible."", ""No line items extracted (informational, not a hard failure).""]",0.25,2026-07-29 14:02:16,0,4
46,data\images\receipt_045.png,0.7229907993014518,7.626422166824341,rule_based,I,,,[],0,"[""Missing or non-positive total."", ""Date missing, unparseable, or in the future: None"", ""Vendor name missing or implausible."", ""No line items extracted (informational, not a hard failure).""]",0.25,2026-07-29 14:02:24,0,4
47,data\images\receipt_046.png,0.6470730830069102,7.674834966659546,rule_based,2,,,[],0,"[""Missing or non-positive total."", ""Date missing, unparseable, or in the future: None"", ""Vendor name missing or implausible."", ""No line items extracted (informational, not a hard failure).""]",0.25,2026-07-29 14:02:31,0,4
48,data\images\receipt_047.png,0.6634384719610266,8.109147071838379,rule_based,"45 ,000 . 00",,,[],0,"[""Missing or non-positive total."", ""Date missing, unparseable, or in the future: None"", ""Vendor name missing or implausible."", ""No line items extracted (informational, not a hard failure).""]",0.25,2026-07-29 14:02:39,0,4
49,data\images\receipt_048.png,0.7866417044882278,7.467600584030151,rule_based,"25,000",,,[],0,"[""Missing or non-positive total."", ""Date missing, unparseable, or in the future: None"", ""Vendor name missing or implausible."", ""No line items extracted (informational, not a hard failure).""]",0.25,2026-07-29 14:02:47,0,4
50,data\images\receipt_049.png,0.46462110893634756,3.5872673988342285,rule_based,Ptgs Fggtart,,,[],0,"[""Missing or non-positive total."", ""Date missing, unparseable, or in the future: None"", ""No line items extracted (informational, not a hard failure).""]",0.5,2026-07-29 14:02:50,0,3
